Clusters,Inertia
2,252543.109375
3,214585.84375
4,186683.78125
5,163200.71875
6,151117.046875
7,137836.828125
8,115226.96875
9,106983.296875
10,98355.4609375
11,92934.4375
12,89424.65625
13,80681.6953125
14,79673.234375
15,79341.2265625
16,77565.59375
17,77198.484375
18,76920.828125
19,76490.8515625
20,76080.9765625
21,75513.6640625
22,75160.421875
23,74865.171875
24,74525.171875
25,74244.171875
